Word,16,17,18,19,20,21,22,23,24,25,26,27,28,29,30,MCDI_AoA
meow,0.5,0.49,0.68,0.72,0.73,0.79,0.82,0.87,0.9,0.9,0.94,0.91,0.97,0.93,0.97,18
ouch,0.43,0.45,0.6,0.65,0.73,0.75,0.75,0.87,0.84,0.87,0.9,0.9,0.95,0.89,0.94,18
alligator,0.03,0.05,0.1,0.13,0.18,0.21,0.28,0.38,0.46,0.5,0.6,0.58,0.8,0.72,0.79,26
animal,0.05,0.07,0.14,0.22,0.26,0.31,0.44,0.49,0.56,0.55,0.66,0.7,0.81,0.73,0.83,24
ant,0.05,0.07,0.16,0.2,0.26,0.25,0.34,0.44,0.5,0.55,0.64,0.66,0.78,0.7,0.84,25
bear,0.34,0.34,0.5,0.56,0.6,0.62,0.68,0.77,0.79,0.81,0.87,0.86,0.95,0.88,0.95,19
bee,0.18,0.25,0.36,0.49,0.5,0.48,0.6,0.72,0.72,0.73,0.79,0.81,0.92,0.84,0.93,22
bird,0.48,0.47,0.63,0.66,0.76,0.7,0.8,0.83,0.88,0.92,0.96,0.94,0.97,0.93,0.97,18
bug,0.14,0.18,0.35,0.41,0.45,0.5,0.59,0.69,0.73,0.74,0.83,0.79,0.92,0.83,0.92,22
bunny,0.22,0.22,0.43,0.47,0.57,0.55,0.65,0.71,0.75,0.79,0.81,0.82,0.93,0.85,0.92,20
butterfly,0.08,0.1,0.21,0.28,0.31,0.38,0.46,0.54,0.64,0.69,0.71,0.75,0.89,0.81,0.92,23
cat,0.42,0.45,0.53,0.66,0.68,0.68,0.8,0.85,0.85,0.87,0.94,0.88,0.96,0.96,0.95,18
cow,0.22,0.29,0.47,0.53,0.54,0.54,0.7,0.79,0.79,0.83,0.87,0.84,0.96,0.89,0.95,19
deer,0.06,0.08,0.14,0.16,0.18,0.27,0.34,0.37,0.39,0.43,0.46,0.52,0.7,0.55,0.69,27
dog,0.68,0.72,0.78,0.83,0.82,0.85,0.87,0.94,0.93,0.95,0.98,0.96,0.99,0.97,0.96,16
donkey,0.03,0.04,0.07,0.12,0.13,0.2,0.25,0.28,0.32,0.31,0.36,0.42,0.58,0.43,0.52,28
duck,0.48,0.52,0.61,0.67,0.72,0.67,0.82,0.85,0.87,0.88,0.94,0.93,0.98,0.91,0.97,17
elephant,0.08,0.11,0.23,0.31,0.32,0.38,0.53,0.6,0.67,0.68,0.78,0.78,0.91,0.83,0.95,22
frog,0.11,0.14,0.28,0.38,0.41,0.43,0.57,0.62,0.71,0.74,0.79,0.77,0.91,0.82,0.94,22
giraffe,0.07,0.1,0.17,0.22,0.27,0.28,0.39,0.48,0.58,0.55,0.62,0.65,0.83,0.7,0.84,24
goose,0.04,0.07,0.08,0.17,0.18,0.18,0.28,0.33,0.35,0.41,0.47,0.47,0.65,0.45,0.6,28
hen,0.01,0.01,0.03,0.06,0.08,0.13,0.16,0.19,0.22,0.25,0.3,0.26,0.48,0.33,0.46,NA
horse,0.19,0.2,0.4,0.46,0.49,0.56,0.69,0.75,0.79,0.8,0.89,0.89,0.96,0.91,0.97,21
kitty,0.45,0.38,0.6,0.64,0.61,0.69,0.76,0.8,0.79,0.85,0.87,0.84,0.94,0.89,0.94,18
lamb,0.04,0.03,0.11,0.13,0.13,0.18,0.24,0.35,0.39,0.42,0.51,0.47,0.67,0.46,0.66,26
lion,0.09,0.11,0.2,0.28,0.32,0.35,0.48,0.58,0.64,0.69,0.72,0.75,0.9,0.83,0.92,23
monkey,0.12,0.2,0.3,0.41,0.43,0.47,0.63,0.68,0.75,0.8,0.85,0.83,0.94,0.85,0.94,22
moose,0.03,0.05,0.07,0.11,0.09,0.11,0.21,0.23,0.28,0.28,0.34,0.36,0.52,0.42,0.48,28
mouse,0.09,0.1,0.22,0.29,0.32,0.42,0.56,0.58,0.62,0.65,0.71,0.72,0.88,0.81,0.9,22
owl,0.13,0.15,0.24,0.33,0.34,0.36,0.5,0.48,0.55,0.59,0.64,0.62,0.83,0.68,0.8,24
penguin,0.02,0.03,0.09,0.13,0.15,0.25,0.28,0.35,0.37,0.42,0.43,0.45,0.66,0.6,0.69,28
pig,0.17,0.21,0.37,0.49,0.48,0.5,0.65,0.74,0.77,0.82,0.82,0.8,0.95,0.92,0.95,22
pony,0.03,0.02,0.06,0.12,0.14,0.22,0.28,0.24,0.31,0.34,0.43,0.46,0.59,0.51,0.58,28
puppy,0.22,0.21,0.4,0.49,0.48,0.54,0.64,0.7,0.73,0.78,0.82,0.77,0.9,0.84,0.93,21
rooster,0.02,0.02,0.05,0.09,0.11,0.15,0.22,0.24,0.32,0.36,0.43,0.48,0.62,0.44,0.61,28
sheep,0.08,0.11,0.22,0.32,0.32,0.35,0.46,0.52,0.6,0.67,0.69,0.68,0.85,0.72,0.85,23
squirrel,0.05,0.06,0.17,0.2,0.24,0.27,0.36,0.42,0.49,0.55,0.57,0.64,0.75,0.73,0.8,25
tiger,0.08,0.09,0.19,0.23,0.25,0.3,0.42,0.53,0.57,0.6,0.68,0.69,0.84,0.75,0.88,23
turkey,0.04,0.03,0.09,0.16,0.17,0.22,0.32,0.32,0.4,0.44,0.49,0.5,0.66,0.56,0.72,28
turtle,0.11,0.13,0.25,0.34,0.35,0.4,0.48,0.59,0.66,0.7,0.69,0.7,0.88,0.82,0.91,23
wolf,0.02,0.01,0.08,0.06,0.09,0.11,0.12,0.23,0.28,0.32,0.38,0.39,0.57,0.43,0.58,28
zebra,0.04,0.08,0.15,0.2,0.22,0.22,0.36,0.43,0.5,0.52,0.61,0.57,0.78,0.69,0.81,25
airplane,0.22,0.21,0.41,0.48,0.54,0.57,0.7,0.74,0.79,0.85,0.9,0.92,0.96,0.91,0.97,20
bicycle,0.13,0.15,0.29,0.41,0.4,0.51,0.6,0.67,0.69,0.76,0.81,0.84,0.92,0.89,0.96,21
boat,0.18,0.22,0.4,0.48,0.52,0.51,0.68,0.73,0.76,0.8,0.85,0.86,0.95,0.86,0.95,20
bus,0.16,0.2,0.32,0.47,0.46,0.55,0.72,0.77,0.76,0.79,0.82,0.87,0.92,0.9,0.96,21
car,0.39,0.47,0.66,0.75,0.73,0.78,0.86,0.91,0.91,0.94,0.93,0.95,0.98,0.97,0.99,18
firetruck,0.05,0.03,0.13,0.2,0.22,0.3,0.42,0.47,0.55,0.65,0.62,0.66,0.83,0.77,0.88,24
helicopter,0.04,0.04,0.1,0.16,0.17,0.26,0.34,0.44,0.5,0.59,0.62,0.69,0.79,0.65,0.83,25
motorcycle,0.03,0.04,0.1,0.14,0.15,0.25,0.34,0.44,0.45,0.54,0.59,0.65,0.78,0.71,0.8,25
sled,0.01,0.06,0.07,0.1,0.13,0.22,0.24,0.3,0.24,0.29,0.31,0.38,0.38,0.45,0.53,30
stroller,0.06,0.05,0.16,0.21,0.22,0.18,0.28,0.34,0.49,0.55,0.54,0.54,0.83,0.54,0.79,25
tractor,0.06,0.09,0.16,0.19,0.23,0.28,0.42,0.44,0.48,0.51,0.5,0.61,0.73,0.61,0.73,25
train,0.12,0.17,0.34,0.41,0.49,0.48,0.69,0.74,0.79,0.8,0.86,0.88,0.95,0.9,0.97,22
tricycle,0.01,0.03,0.04,0.05,0.09,0.1,0.2,0.18,0.26,0.31,0.35,0.38,0.5,0.42,0.57,30
truck,0.29,0.33,0.51,0.58,0.62,0.65,0.78,0.81,0.85,0.87,0.93,0.91,0.97,0.93,0.97,18
ball,0.77,0.79,0.9,0.91,0.95,0.94,0.96,0.98,0.96,0.97,0.98,0.98,0.99,0.98,0.99,16
balloon,0.47,0.4,0.6,0.65,0.69,0.71,0.8,0.85,0.87,0.89,0.92,0.94,0.98,0.93,0.98,18
bat,0.06,0.07,0.13,0.19,0.17,0.24,0.3,0.38,0.42,0.47,0.54,0.52,0.76,0.62,0.71,26
block,0.19,0.22,0.37,0.42,0.45,0.49,0.59,0.65,0.67,0.71,0.76,0.81,0.9,0.8,0.93,22
book,0.52,0.52,0.71,0.8,0.83,0.8,0.82,0.92,0.91,0.92,0.94,0.96,0.98,0.95,0.97,16
bubbles,0.36,0.38,0.58,0.63,0.67,0.65,0.8,0.85,0.86,0.89,0.91,0.92,0.97,0.92,0.98,18
chalk,0.02,0.03,0.07,0.12,0.11,0.19,0.28,0.29,0.36,0.4,0.4,0.47,0.64,0.54,0.69,28
crayon,0.05,0.09,0.22,0.29,0.31,0.35,0.53,0.53,0.65,0.71,0.72,0.76,0.88,0.8,0.94,22
glue,0,0,0.03,0.05,0.05,0.06,0.1,0.12,0.19,0.25,0.29,0.38,0.51,0.45,0.59,28
pen,0.07,0.1,0.19,0.25,0.3,0.4,0.44,0.54,0.55,0.62,0.69,0.69,0.83,0.73,0.86,23
pencil,0.03,0.03,0.12,0.18,0.18,0.27,0.31,0.35,0.46,0.53,0.59,0.61,0.8,0.72,0.84,25
play dough,0.01,0.03,0.07,0.08,0.12,0.18,0.26,0.29,0.37,0.46,0.46,0.5,0.65,0.59,0.73,28
present,0.01,0.03,0.05,0.1,0.13,0.17,0.34,0.37,0.51,0.56,0.59,0.65,0.81,0.7,0.85,24
puzzle,0.03,0.04,0.15,0.21,0.2,0.26,0.38,0.43,0.57,0.62,0.63,0.71,0.85,0.75,0.88,24
story,0.03,0.06,0.12,0.18,0.18,0.28,0.36,0.42,0.53,0.54,0.61,0.66,0.81,0.73,0.84,24
apple,0.33,0.43,0.58,0.62,0.68,0.72,0.86,0.88,0.87,0.9,0.92,0.95,0.98,0.95,0.97,18
applesauce,0.05,0.05,0.14,0.15,0.23,0.28,0.38,0.45,0.48,0.5,0.55,0.57,0.73,0.65,0.84,26
banana,0.52,0.56,0.66,0.73,0.76,0.77,0.87,0.9,0.87,0.91,0.92,0.93,0.98,0.94,0.97,16
beans,0.07,0.1,0.21,0.26,0.28,0.38,0.4,0.45,0.51,0.51,0.66,0.62,0.78,0.62,0.82,24
bread,0.15,0.14,0.3,0.38,0.41,0.49,0.58,0.64,0.7,0.77,0.8,0.84,0.93,0.9,0.94,22
butter,0.04,0.05,0.12,0.19,0.24,0.3,0.43,0.44,0.52,0.59,0.65,0.71,0.82,0.73,0.85,24
cake,0.08,0.1,0.25,0.32,0.36,0.4,0.58,0.63,0.76,0.77,0.81,0.84,0.92,0.89,0.93,22
candy,0.07,0.12,0.23,0.33,0.35,0.41,0.5,0.59,0.66,0.74,0.81,0.79,0.92,0.87,0.93,23
carrots,0.06,0.07,0.2,0.23,0.26,0.35,0.42,0.47,0.58,0.62,0.69,0.69,0.86,0.8,0.91,24
cereal,0.11,0.14,0.3,0.37,0.38,0.49,0.52,0.63,0.69,0.74,0.81,0.77,0.92,0.86,0.94,22
cheese,0.36,0.41,0.57,0.64,0.69,0.67,0.78,0.84,0.87,0.86,0.91,0.93,0.96,0.92,0.97,18
chocolate,0.03,0.04,0.11,0.14,0.21,0.23,0.38,0.41,0.5,0.53,0.59,0.68,0.79,0.74,0.87,25
coffee,0.04,0.04,0.15,0.2,0.24,0.28,0.4,0.44,0.5,0.57,0.59,0.63,0.79,0.67,0.78,25
coke,0.04,0.04,0.09,0.13,0.15,0.18,0.24,0.19,0.33,0.39,0.38,0.37,0.54,0.44,0.56,28
cookie,0.38,0.36,0.57,0.69,0.66,0.7,0.78,0.84,0.87,0.9,0.94,0.91,0.98,0.94,0.98,18
corn,0.05,0.08,0.17,0.24,0.27,0.3,0.44,0.48,0.56,0.6,0.7,0.73,0.84,0.75,0.88,24
cracker,0.34,0.32,0.5,0.58,0.59,0.59,0.72,0.78,0.77,0.82,0.85,0.84,0.95,0.86,0.96,19
donut,0.03,0.05,0.1,0.12,0.15,0.18,0.26,0.36,0.37,0.46,0.51,0.54,0.68,0.62,0.72,26
egg,0.12,0.16,0.26,0.35,0.41,0.49,0.57,0.64,0.69,0.74,0.79,0.79,0.91,0.83,0.92,22
food,0.07,0.14,0.21,0.29,0.31,0.37,0.48,0.55,0.59,0.62,0.7,0.7,0.83,0.83,0.88,23
green beans,0.03,0.04,0.11,0.11,0.15,0.18,0.23,0.31,0.36,0.42,0.43,0.42,0.59,0.49,0.68,28
gum,0.01,0.04,0.08,0.15,0.13,0.16,0.31,0.31,0.35,0.43,0.52,0.54,0.61,0.63,0.69,26
hamburger,0.02,0.05,0.11,0.17,0.2,0.28,0.36,0.44,0.46,0.59,0.69,0.72,0.78,0.77,0.83,25
ice,0.11,0.12,0.25,0.34,0.36,0.41,0.52,0.59,0.65,0.71,0.69,0.75,0.86,0.81,0.88,22
ice cream,0.1,0.14,0.26,0.36,0.39,0.37,0.6,0.65,0.72,0.78,0.86,0.85,0.93,0.9,0.95,22
jello,0.02,0.04,0.08,0.1,0.12,0.14,0.18,0.19,0.3,0.34,0.41,0.45,0.6,0.47,0.62,28
jelly,0.02,0.02,0.08,0.11,0.14,0.15,0.26,0.3,0.35,0.44,0.46,0.58,0.72,0.59,0.79,27
juice,0.44,0.31,0.58,0.67,0.69,0.76,0.82,0.85,0.87,0.86,0.94,0.9,0.97,0.91,0.98,18
lollipop,0.01,0.03,0.08,0.12,0.13,0.16,0.24,0.24,0.32,0.45,0.39,0.49,0.62,0.6,0.65,28
meat,0.04,0.06,0.11,0.17,0.23,0.24,0.29,0.36,0.45,0.48,0.59,0.55,0.7,0.6,0.74,26
milk,0.34,0.43,0.57,0.72,0.67,0.72,0.79,0.88,0.86,0.88,0.93,0.93,0.97,0.96,0.97,18
muffin,0.02,0.04,0.09,0.14,0.21,0.2,0.36,0.34,0.43,0.42,0.5,0.56,0.69,0.67,0.75,27
noodles,0.09,0.09,0.21,0.26,0.32,0.38,0.46,0.49,0.56,0.57,0.66,0.65,0.8,0.69,0.87,24
nuts,0.01,0.03,0.05,0.11,0.12,0.17,0.17,0.26,0.35,0.35,0.5,0.47,0.61,0.62,0.71,28
pancake,0.05,0.07,0.17,0.23,0.23,0.26,0.42,0.5,0.55,0.59,0.64,0.72,0.8,0.73,0.88,24
peas,0.12,0.09,0.21,0.29,0.28,0.31,0.37,0.47,0.52,0.55,0.65,0.61,0.73,0.65,0.81,24
peanut butter,0.03,0.06,0.12,0.22,0.19,0.28,0.41,0.44,0.5,0.57,0.61,0.71,0.82,0.75,0.86,25
pickle,0.02,0.05,0.13,0.17,0.17,0.19,0.3,0.4,0.39,0.49,0.54,0.54,0.69,0.64,0.74,26
pizza,0.1,0.14,0.31,0.37,0.46,0.48,0.62,0.71,0.74,0.79,0.85,0.89,0.94,0.88,0.96,22
popcorn,0.04,0.08,0.18,0.22,0.28,0.33,0.38,0.44,0.59,0.63,0.69,0.69,0.84,0.76,0.9,24
popsicle,0.03,0.05,0.14,0.15,0.2,0.27,0.34,0.35,0.42,0.52,0.56,0.64,0.73,0.71,0.78,25
potato chip,0.04,0.08,0.18,0.23,0.24,0.32,0.36,0.46,0.51,0.6,0.68,0.64,0.84,0.73,0.86,24
potato,0.03,0.06,0.11,0.17,0.2,0.22,0.41,0.41,0.47,0.52,0.57,0.61,0.78,0.73,0.78,25
pretzel,0.04,0.05,0.12,0.17,0.19,0.19,0.33,0.34,0.43,0.43,0.46,0.5,0.75,0.59,0.78,28
pudding,0.01,0.02,0.06,0.07,0.09,0.09,0.18,0.17,0.25,0.31,0.33,0.34,0.54,0.46,0.61,28
pumpkin,0.04,0.05,0.14,0.18,0.2,0.25,0.32,0.39,0.47,0.47,0.55,0.57,0.74,0.65,0.81,26
raisin,0.05,0.07,0.19,0.26,0.27,0.31,0.46,0.47,0.55,0.61,0.69,0.71,0.81,0.76,0.88,24
salt,0.01,0.01,0.03,0.06,0.09,0.11,0.2,0.17,0.26,0.3,0.34,0.43,0.56,0.5,0.61,28
sandwich,0.02,0.03,0.1,0.18,0.19,0.23,0.36,0.44,0.5,0.57,0.61,0.72,0.85,0.79,0.88,25
sauce,0.02,0.01,0.05,0.08,0.14,0.11,0.26,0.26,0.33,0.3,0.38,0.39,0.59,0.57,0.64,28
soup,0.04,0.05,0.14,0.18,0.28,0.29,0.42,0.47,0.48,0.56,0.59,0.65,0.76,0.69,0.81,25
spaghetti,0.05,0.08,0.15,0.18,0.23,0.28,0.34,0.46,0.54,0.57,0.68,0.68,0.83,0.75,0.88,24
strawberry,0.06,0.09,0.17,0.21,0.26,0.35,0.44,0.51,0.54,0.62,0.69,0.65,0.8,0.8,0.86,23
toast,0.12,0.12,0.23,0.3,0.35,0.33,0.46,0.54,0.58,0.6,0.67,0.72,0.84,0.72,0.87,23
tuna,0.01,0.02,0.05,0.04,0.06,0.1,0.19,0.17,0.18,0.26,0.31,0.36,0.43,0.34,0.43,NA
vitamins,0.02,0.05,0.06,0.12,0.14,0.15,0.22,0.29,0.33,0.41,0.48,0.51,0.61,0.59,0.66,27
yogurt,0.08,0.15,0.28,0.33,0.34,0.38,0.52,0.55,0.58,0.63,0.64,0.71,0.75,0.74,0.87,22
belt,0.04,0.04,0.12,0.18,0.2,0.23,0.28,0.35,0.42,0.47,0.52,0.56,0.71,0.59,0.76,26
bib,0.13,0.16,0.3,0.3,0.34,0.36,0.5,0.51,0.57,0.61,0.67,0.63,0.8,0.64,0.76,23
boots,0.1,0.14,0.26,0.31,0.42,0.46,0.59,0.65,0.66,0.69,0.7,0.77,0.86,0.84,0.88,22
button,0.18,0.15,0.29,0.38,0.39,0.39,0.56,0.61,0.63,0.67,0.72,0.69,0.89,0.77,0.91,22
coat,0.09,0.16,0.25,0.36,0.39,0.44,0.56,0.69,0.65,0.68,0.71,0.78,0.82,0.81,0.9,22
diaper,0.28,0.32,0.49,0.55,0.53,0.69,0.7,0.8,0.81,0.89,0.88,0.87,0.96,0.92,0.96,19
hat,0.33,0.37,0.54,0.62,0.68,0.69,0.78,0.85,0.86,0.86,0.92,0.89,0.96,0.93,0.95,18
jacket,0.06,0.09,0.19,0.27,0.29,0.34,0.46,0.5,0.58,0.65,0.66,0.76,0.82,0.76,0.83,24
jeans,0.02,0.03,0.05,0.09,0.12,0.17,0.22,0.24,0.34,0.38,0.41,0.43,0.6,0.54,0.65,28
mittens,0.03,0.02,0.1,0.11,0.16,0.2,0.22,0.26,0.36,0.37,0.41,0.5,0.55,0.55,0.63,28
necklace,0.04,0.09,0.13,0.19,0.19,0.26,0.3,0.4,0.45,0.49,0.54,0.56,0.75,0.63,0.75,26
pajamas,0.06,0.08,0.2,0.23,0.3,0.34,0.46,0.61,0.61,0.71,0.73,0.77,0.87,0.83,0.92,23
pants,0.07,0.11,0.24,0.33,0.36,0.48,0.58,0.66,0.69,0.74,0.78,0.86,0.92,0.89,0.97,22
scarf,0,0,0.03,0.04,0.07,0.09,0.13,0.12,0.15,0.17,0.21,0.21,0.35,0.33,0.42,NA
shirt,0.09,0.16,0.3,0.37,0.42,0.48,0.65,0.69,0.72,0.75,0.8,0.84,0.93,0.86,0.96,22
shoe,0.51,0.6,0.76,0.83,0.87,0.81,0.92,0.95,0.94,0.94,0.96,0.97,0.98,0.97,0.98,16
shorts,0.04,0.05,0.11,0.16,0.18,0.23,0.34,0.43,0.48,0.54,0.65,0.71,0.82,0.73,0.81,25
slipper,0.03,0.02,0.09,0.13,0.14,0.22,0.29,0.37,0.38,0.39,0.51,0.48,0.7,0.57,0.67,26
sneaker,0.01,0.02,0.04,0.08,0.11,0.1,0.2,0.18,0.2,0.29,0.31,0.36,0.47,0.39,0.48,NA
sock,0.3,0.22,0.44,0.47,0.46,0.44,0.5,0.6,0.72,0.75,0.83,0.78,0.95,0.79,0.9,23
sweater,0.07,0.19,0.2,0.3,0.36,0.4,0.53,0.62,0.51,0.53,0.62,0.65,0.68,0.75,0.81,22
zipper,0.03,0.05,0.15,0.24,0.23,0.29,0.38,0.47,0.51,0.59,0.63,0.61,0.77,0.67,0.82,24
ankle,0,0.01,0.04,0.07,0.08,0.12,0.12,0.18,0.19,0.24,0.29,0.3,0.49,0.36,0.51,30
arm,0.08,0.18,0.24,0.36,0.38,0.51,0.57,0.69,0.72,0.77,0.81,0.81,0.93,0.89,0.96,21
belly button,0.22,0.3,0.38,0.48,0.54,0.57,0.67,0.72,0.75,0.78,0.83,0.83,0.91,0.83,0.95,20
cheek,0.06,0.11,0.2,0.29,0.33,0.4,0.55,0.53,0.6,0.67,0.67,0.78,0.84,0.79,0.86,22
chin,0.05,0.05,0.19,0.28,0.29,0.34,0.49,0.5,0.56,0.62,0.72,0.7,0.83,0.8,0.84,24
ear,0.31,0.45,0.59,0.7,0.7,0.75,0.84,0.92,0.87,0.9,0.93,0.95,0.97,0.95,0.97,18
eye,0.43,0.48,0.67,0.73,0.74,0.74,0.83,0.9,0.92,0.92,0.96,0.94,0.99,0.96,0.98,18
face,0.05,0.06,0.16,0.26,0.23,0.33,0.44,0.52,0.6,0.62,0.76,0.72,0.86,0.79,0.88,23
finger,0.07,0.19,0.28,0.38,0.43,0.52,0.6,0.71,0.73,0.75,0.83,0.84,0.91,0.88,0.96,21
foot,0.14,0.15,0.39,0.44,0.46,0.48,0.63,0.71,0.76,0.84,0.87,0.91,0.95,0.9,0.97,22
hand,0.11,0.15,0.29,0.39,0.49,0.57,0.66,0.77,0.74,0.82,0.86,0.89,0.95,0.93,0.95,21
head,0.12,0.17,0.28,0.41,0.41,0.51,0.62,0.7,0.74,0.76,0.8,0.85,0.93,0.87,0.96,21
knee,0.1,0.13,0.24,0.34,0.34,0.41,0.53,0.6,0.67,0.73,0.76,0.73,0.87,0.79,0.91,22
leg,0.04,0.09,0.18,0.29,0.27,0.39,0.52,0.59,0.66,0.71,0.78,0.79,0.89,0.85,0.95,22
lips,0.02,0.05,0.09,0.14,0.18,0.24,0.36,0.4,0.46,0.52,0.64,0.63,0.77,0.71,0.84,25
mouth,0.18,0.27,0.43,0.56,0.54,0.57,0.7,0.75,0.79,0.81,0.87,0.88,0.95,0.89,0.96,19
nose,0.41,0.47,0.65,0.75,0.76,0.76,0.86,0.9,0.91,0.92,0.93,0.95,0.98,0.95,0.98,18
shoulder,0.01,0.01,0.03,0.11,0.11,0.16,0.25,0.28,0.33,0.4,0.49,0.49,0.62,0.55,0.7,28
toe,0.18,0.28,0.38,0.47,0.47,0.54,0.62,0.69,0.72,0.74,0.83,0.82,0.92,0.86,0.94,21
tongue,0.07,0.16,0.22,0.3,0.33,0.36,0.52,0.56,0.59,0.63,0.7,0.74,0.84,0.81,0.91,22
tooth,0.16,0.17,0.32,0.38,0.43,0.41,0.54,0.6,0.7,0.72,0.8,0.81,0.92,0.86,0.9,22
tummy,0.11,0.18,0.33,0.43,0.45,0.45,0.64,0.68,0.73,0.78,0.86,0.8,0.93,0.87,0.94,22
basket,0.03,0.05,0.14,0.18,0.19,0.25,0.32,0.4,0.47,0.5,0.58,0.59,0.76,0.67,0.82,26
blanket,0.18,0.22,0.39,0.47,0.51,0.58,0.65,0.77,0.79,0.83,0.87,0.87,0.95,0.92,0.96,20
bottle,0.42,0.36,0.49,0.53,0.58,0.61,0.7,0.71,0.73,0.79,0.86,0.83,0.92,0.86,0.93,19
bowl,0.11,0.12,0.26,0.33,0.35,0.42,0.5,0.58,0.64,0.71,0.75,0.76,0.89,0.8,0.95,23
box,0.12,0.17,0.28,0.37,0.39,0.44,0.55,0.61,0.66,0.71,0.75,0.83,0.88,0.85,0.92,22
broom,0.09,0.1,0.18,0.27,0.27,0.36,0.42,0.52,0.56,0.62,0.69,0.71,0.84,0.73,0.85,23
brush,0.17,0.15,0.32,0.36,0.4,0.44,0.58,0.63,0.69,0.7,0.73,0.79,0.9,0.82,0.92,22
bucket,0.03,0.05,0.09,0.17,0.14,0.24,0.28,0.36,0.42,0.48,0.51,0.54,0.72,0.63,0.78,26
camera,0.02,0.01,0.09,0.13,0.18,0.23,0.34,0.35,0.47,0.53,0.6,0.62,0.75,0.68,0.83,25
clock,0.14,0.15,0.29,0.34,0.38,0.38,0.49,0.56,0.61,0.65,0.68,0.72,0.85,0.79,0.89,23
comb,0.06,0.08,0.18,0.22,0.27,0.27,0.36,0.42,0.45,0.55,0.67,0.59,0.77,0.69,0.82,25
cup,0.24,0.3,0.46,0.57,0.6,0.64,0.77,0.79,0.81,0.88,0.92,0.91,0.95,0.91,0.97,19
dish,0.03,0.03,0.1,0.13,0.16,0.19,0.27,0.31,0.33,0.42,0.43,0.53,0.67,0.55,0.67,27
fork,0.07,0.15,0.27,0.35,0.41,0.47,0.64,0.68,0.71,0.75,0.81,0.89,0.92,0.81,0.93,22
garbage,0.03,0.07,0.1,0.17,0.22,0.23,0.28,0.4,0.41,0.47,0.54,0.59,0.66,0.61,0.71,26
glass,0.03,0.04,0.1,0.16,0.18,0.23,0.32,0.37,0.47,0.49,0.64,0.59,0.75,0.65,0.79,26
glasses,0.09,0.11,0.22,0.3,0.29,0.37,0.46,0.55,0.6,0.66,0.7,0.72,0.87,0.78,0.84,23
hammer,0.03,0.03,0.1,0.17,0.18,0.23,0.3,0.4,0.41,0.45,0.55,0.63,0.73,0.62,0.79,26
jar,0.03,0.11,0.13,0.19,0.22,0.31,0.38,0.42,0.31,0.34,0.36,0.47,0.44,0.58,0.57,29
keys,0.31,0.21,0.38,0.46,0.44,0.41,0.48,0.5,0.68,0.71,0.84,0.72,0.95,0.67,0.85,24
knife,0.02,0.01,0.1,0.14,0.16,0.24,0.38,0.42,0.47,0.55,0.61,0.66,0.8,0.69,0.83,25
lamp,0.01,0.02,0.05,0.1,0.14,0.15,0.24,0.26,0.31,0.35,0.4,0.47,0.58,0.5,0.66,28
light,0.25,0.2,0.42,0.44,0.53,0.55,0.7,0.7,0.77,0.79,0.85,0.85,0.94,0.86,0.95,20
medicine,0.04,0.05,0.14,0.22,0.22,0.29,0.38,0.46,0.55,0.62,0.71,0.68,0.84,0.75,0.87,24
money,0.06,0.08,0.16,0.27,0.31,0.37,0.44,0.55,0.59,0.65,0.77,0.75,0.9,0.79,0.89,23
mop,0.01,0.02,0.04,0.07,0.09,0.12,0.17,0.18,0.25,0.25,0.33,0.35,0.52,0.41,0.55,28
nail,0.01,0.01,0.03,0.1,0.05,0.12,0.18,0.26,0.27,0.34,0.39,0.46,0.58,0.51,0.63,28
napkin,0.02,0.04,0.1,0.15,0.22,0.28,0.39,0.44,0.54,0.57,0.65,0.64,0.82,0.72,0.87,24
paper,0.08,0.11,0.21,0.31,0.32,0.42,0.52,0.61,0.67,0.71,0.78,0.77,0.9,0.86,0.92,22
penny,0.02,0.03,0.08,0.1,0.13,0.18,0.28,0.31,0.36,0.45,0.53,0.55,0.67,0.61,0.7,26
picture,0.04,0.05,0.18,0.22,0.22,0.28,0.41,0.47,0.56,0.64,0.69,0.72,0.85,0.8,0.89,24
pillow,0.09,0.13,0.23,0.33,0.36,0.43,0.54,0.68,0.66,0.74,0.78,0.82,0.92,0.85,0.94,22
plant,0.02,0.05,0.1,0.13,0.18,0.22,0.28,0.31,0.37,0.45,0.53,0.51,0.67,0.6,0.75,26
plate,0.04,0.04,0.16,0.2,0.26,0.35,0.45,0.53,0.57,0.64,0.64,0.7,0.84,0.77,0.88,23
purse,0.05,0.07,0.15,0.22,0.22,0.34,0.36,0.41,0.51,0.55,0.6,0.65,0.79,0.67,0.8,24
radio,0.02,0.02,0.05,0.12,0.12,0.2,0.26,0.24,0.28,0.37,0.49,0.52,0.65,0.57,0.67,27
scissors,0.01,0.01,0.06,0.14,0.12,0.19,0.26,0.37,0.42,0.51,0.61,0.59,0.76,0.73,0.82,25
soap,0.07,0.1,0.23,0.3,0.36,0.44,0.52,0.58,0.68,0.74,0.75,0.83,0.91,0.83,0.91,22
spoon,0.2,0.26,0.45,0.52,0.58,0.62,0.74,0.79,0.78,0.83,0.87,0.89,0.95,0.89,0.96,19
tape,0.02,0.01,0.09,0.13,0.14,0.18,0.25,0.34,0.41,0.45,0.55,0.59,0.73,0.64,0.77,26
telephone,0.16,0.16,0.32,0.4,0.49,0.54,0.66,0.68,0.72,0.81,0.83,0.87,0.95,0.89,0.96,21
toothbrush,0.12,0.16,0.33,0.37,0.44,0.47,0.6,0.7,0.72,0.78,0.79,0.85,0.94,0.87,0.95,22
towel,0.06,0.09,0.2,0.26,0.29,0.38,0.5,0.56,0.63,0.7,0.74,0.75,0.91,0.8,0.92,23
trash,0.07,0.11,0.21,0.29,0.27,0.35,0.46,0.45,0.54,0.51,0.6,0.62,0.78,0.69,0.8,24
tray,0.01,0.01,0.02,0.04,0.05,0.07,0.08,0.11,0.14,0.15,0.18,0.22,0.33,0.32,0.4,NA
vacuum,0.06,0.08,0.18,0.26,0.26,0.32,0.39,0.42,0.49,0.58,0.63,0.69,0.8,0.73,0.83,25
basement,0.01,0.01,0.02,0.03,0.04,0.08,0.1,0.14,0.12,0.17,0.19,0.26,0.27,0.22,0.24,NA
bathroom,0.04,0.06,0.16,0.23,0.28,0.34,0.5,0.55,0.59,0.67,0.71,0.73,0.88,0.83,0.92,23
bathtub,0.16,0.16,0.3,0.35,0.39,0.43,0.56,0.62,0.65,0.69,0.8,0.79,0.89,0.79,0.93,22
bed,0.11,0.21,0.37,0.43,0.53,0.59,0.68,0.79,0.81,0.86,0.84,0.91,0.96,0.91,0.97,20
bedroom,0.02,0.04,0.09,0.15,0.15,0.22,0.33,0.4,0.46,0.51,0.57,0.64,0.8,0.7,0.85,25
bench,0.01,0.01,0.02,0.05,0.04,0.06,0.1,0.12,0.14,0.19,0.24,0.25,0.41,0.37,0.48,NA
chair,0.16,0.21,0.4,0.44,0.44,0.57,0.7,0.72,0.78,0.81,0.82,0.9,0.95,0.89,0.94,21
closet,0.01,0.01,0.05,0.11,0.11,0.17,0.27,0.28,0.42,0.44,0.55,0.62,0.74,0.69,0.8,26
couch,0.03,0.05,0.14,0.19,0.23,0.32,0.38,0.47,0.51,0.58,0.66,0.7,0.84,0.75,0.85,24
crib,0.03,0.04,0.11,0.15,0.21,0.26,0.36,0.37,0.46,0.5,0.58,0.58,0.73,0.64,0.76,26
door,0.23,0.27,0.39,0.48,0.52,0.59,0.7,0.76,0.79,0.84,0.86,0.92,0.95,0.91,0.96,20
drawer,0.02,0.02,0.05,0.09,0.08,0.15,0.18,0.24,0.33,0.34,0.48,0.51,0.64,0.58,0.67,27
dryer,0.01,0.01,0.05,0.09,0.07,0.1,0.16,0.23,0.27,0.33,0.42,0.42,0.61,0.52,0.66,28
garage,0.01,0.01,0.05,0.1,0.12,0.18,0.26,0.29,0.38,0.44,0.5,0.55,0.7,0.6,0.74,27
high chair,0.05,0.08,0.18,0.2,0.2,0.29,0.36,0.38,0.46,0.47,0.54,0.57,0.72,0.63,0.7,26
kitchen,0.03,0.05,0.13,0.2,0.22,0.32,0.4,0.54,0.57,0.61,0.71,0.75,0.86,0.79,0.91,23
living room,0.01,0.01,0.04,0.07,0.08,0.1,0.2,0.28,0.29,0.36,0.49,0.49,0.62,0.59,0.71,28
oven,0.01,0.02,0.05,0.13,0.12,0.2,0.26,0.29,0.36,0.41,0.48,0.51,0.66,0.63,0.75,27
play pen,0.01,0,0.02,0.04,0.04,0.04,0.09,0.09,0.1,0.12,0.19,0.21,0.32,0.24,0.32,NA
porch,0,0,0.01,0.05,0.06,0.09,0.13,0.15,0.18,0.23,0.28,0.4,0.43,0.4,0.49,NA
potty,0.11,0.2,0.34,0.47,0.49,0.54,0.65,0.7,0.77,0.81,0.84,0.84,0.92,0.88,0.94,21
refrigerator,0.02,0.04,0.07,0.16,0.16,0.18,0.28,0.31,0.42,0.5,0.57,0.58,0.79,0.66,0.81,26
room,0.03,0.04,0.1,0.18,0.17,0.27,0.34,0.46,0.51,0.59,0.65,0.65,0.83,0.75,0.86,24
shower,0.05,0.08,0.17,0.24,0.28,0.33,0.45,0.49,0.55,0.62,0.72,0.72,0.83,0.77,0.84,24
sink,0.02,0.03,0.09,0.13,0.17,0.23,0.34,0.4,0.46,0.51,0.63,0.65,0.76,0.74,0.82,25
sofa,0.01,0.01,0.04,0.07,0.08,0.08,0.1,0.16,0.21,0.23,0.27,0.34,0.42,0.41,0.42,NA
stairs,0.05,0.06,0.13,0.21,0.19,0.22,0.4,0.39,0.47,0.56,0.62,0.58,0.83,0.66,0.79,25
stove,0.02,0.07,0.1,0.17,0.19,0.26,0.37,0.4,0.38,0.44,0.5,0.61,0.65,0.67,0.72,27
table,0.04,0.06,0.16,0.26,0.27,0.31,0.48,0.53,0.59,0.68,0.7,0.74,0.88,0.82,0.91,23
TV,0.1,0.15,0.31,0.38,0.42,0.49,0.64,0.64,0.72,0.78,0.82,0.82,0.95,0.89,0.93,22
window,0.04,0.05,0.11,0.2,0.23,0.21,0.3,0.36,0.48,0.54,0.63,0.65,0.84,0.72,0.82,25
backyard,0.02,0.01,0.06,0.09,0.11,0.15,0.23,0.26,0.34,0.38,0.48,0.5,0.69,0.6,0.73,28
cloud,0.03,0.03,0.11,0.19,0.18,0.25,0.35,0.4,0.47,0.48,0.54,0.61,0.76,0.68,0.81,26
flag,0.03,0.04,0.1,0.16,0.14,0.22,0.26,0.31,0.39,0.47,0.54,0.47,0.71,0.58,0.76,26
flower,0.2,0.23,0.41,0.5,0.5,0.52,0.66,0.74,0.76,0.82,0.86,0.88,0.94,0.88,0.97,21
garden,0.01,0,0.05,0.07,0.07,0.1,0.16,0.2,0.23,0.28,0.36,0.38,0.53,0.47,0.58,28
grass,0.06,0.1,0.19,0.27,0.26,0.37,0.47,0.53,0.6,0.71,0.72,0.71,0.87,0.77,0.92,23
hose,0.03,0.01,0.07,0.1,0.09,0.15,0.22,0.26,0.33,0.4,0.48,0.54,0.67,0.55,0.67,27
ladder,0.01,0,0.06,0.08,0.09,0.17,0.16,0.32,0.31,0.39,0.48,0.52,0.65,0.55,0.67,27
moon,0.23,0.2,0.4,0.44,0.47,0.54,0.66,0.65,0.76,0.78,0.81,0.79,0.92,0.84,0.93,21
pool,0.1,0.12,0.19,0.27,0.34,0.36,0.44,0.46,0.58,0.63,0.73,0.73,0.85,0.75,0.86,24
rain,0.07,0.12,0.25,0.34,0.39,0.41,0.56,0.67,0.7,0.77,0.73,0.87,0.93,0.86,0.96,22
rock,0.13,0.19,0.28,0.39,0.36,0.46,0.6,0.65,0.67,0.69,0.78,0.81,0.9,0.83,0.93,22
roof,0.01,0,0.02,0.04,0.06,0.07,0.14,0.16,0.2,0.27,0.3,0.39,0.53,0.47,0.6,28
sandbox,0.01,0.01,0.08,0.1,0.1,0.13,0.21,0.25,0.33,0.37,0.46,0.52,0.64,0.55,0.68,27
shovel,0.04,0.03,0.08,0.16,0.16,0.24,0.28,0.4,0.39,0.48,0.52,0.6,0.75,0.63,0.78,26
sidewalk,0.01,0.01,0.04,0.09,0.09,0.09,0.18,0.24,0.3,0.36,0.41,0.48,0.62,0.57,0.69,28
sky,0.06,0.07,0.2,0.26,0.26,0.34,0.43,0.46,0.55,0.57,0.61,0.69,0.81,0.73,0.85,24
snow,0.05,0.09,0.15,0.19,0.24,0.3,0.44,0.49,0.48,0.52,0.58,0.67,0.71,0.69,0.8,25
snowman,0.01,0.02,0.04,0.08,0.1,0.17,0.24,0.29,0.32,0.4,0.46,0.5,0.61,0.59,0.75,28
sprinkler,0.01,0.01,0.03,0.06,0.05,0.08,0.13,0.16,0.23,0.33,0.3,0.4,0.51,0.45,0.57,28
star,0.11,0.18,0.25,0.31,0.37,0.5,0.54,0.56,0.67,0.71,0.71,0.76,0.88,0.82,0.91,22
stick,0.05,0.08,0.16,0.21,0.2,0.26,0.38,0.48,0.54,0.56,0.66,0.71,0.81,0.72,0.87,24
stone,0.01,0.01,0.05,0.05,0.07,0.08,0.16,0.13,0.2,0.23,0.29,0.3,0.41,0.34,0.46,NA
street,0.02,0.02,0.07,0.14,0.13,0.21,0.3,0.37,0.43,0.51,0.59,0.58,0.78,0.73,0.85,25
sun,0.06,0.1,0.19,0.32,0.32,0.42,0.48,0.56,0.64,0.72,0.73,0.77,0.89,0.83,0.93,23
tree,0.21,0.25,0.41,0.49,0.55,0.61,0.68,0.79,0.8,0.82,0.86,0.89,0.94,0.88,0.96,20
wind,0.02,0.03,0.1,0.16,0.16,0.21,0.3,0.37,0.4,0.5,0.49,0.62,0.71,0.64,0.76,27
beach,0.05,0.03,0.07,0.15,0.19,0.2,0.28,0.29,0.3,0.42,0.51,0.59,0.68,0.59,0.71,26
circus,0,0,0.01,0.01,0.03,0.04,0.08,0.1,0.13,0.18,0.24,0.25,0.37,0.35,0.43,NA
country,0,0,0,0,0.01,0.02,0.04,0.03,0.04,0.08,0.07,0.08,0.16,0.15,0.21,NA
downtown,0,0,0,0.02,0.03,0.02,0.05,0.1,0.08,0.14,0.14,0.23,0.23,0.29,0.27,NA
farm,0.01,0.01,0.04,0.09,0.11,0.12,0.2,0.27,0.29,0.35,0.39,0.47,0.57,0.49,0.65,28
home,0.11,0.18,0.31,0.41,0.43,0.48,0.6,0.67,0.71,0.81,0.85,0.85,0.91,0.83,0.93,22
house,0.08,0.12,0.24,0.32,0.34,0.4,0.5,0.6,0.66,0.72,0.73,0.78,0.88,0.83,0.93,23
movie,0.01,0.02,0.06,0.08,0.11,0.16,0.23,0.3,0.34,0.39,0.44,0.49,0.65,0.65,0.72,28
outside,0.23,0.3,0.43,0.52,0.59,0.62,0.71,0.76,0.76,0.8,0.85,0.87,0.93,0.87,0.95,19
park,0.07,0.13,0.21,0.29,0.32,0.37,0.52,0.55,0.62,0.68,0.77,0.75,0.85,0.81,0.9,22
party,0.01,0.01,0.07,0.09,0.12,0.16,0.24,0.32,0.44,0.5,0.57,0.55,0.76,0.68,0.77,26
picnic,0,0.01,0.03,0.05,0.07,0.06,0.1,0.19,0.23,0.27,0.4,0.45,0.52,0.51,0.64,28
playground,0.01,0.02,0.06,0.07,0.08,0.12,0.2,0.26,0.3,0.38,0.43,0.45,0.57,0.63,0.66,28
school,0.04,0.08,0.17,0.24,0.28,0.33,0.47,0.56,0.57,0.69,0.69,0.73,0.85,0.83,0.91,23
store,0.04,0.04,0.16,0.23,0.25,0.32,0.44,0.53,0.59,0.65,0.77,0.73,0.88,0.78,0.89,23
yard,0.01,0.02,0.05,0.09,0.08,0.15,0.16,0.23,0.3,0.39,0.48,0.46,0.61,0.56,0.71,28
zoo,0.04,0.08,0.12,0.12,0.2,0.23,0.31,0.37,0.46,0.48,0.54,0.59,0.73,0.68,0.77,26
aunt,0.06,0.08,0.14,0.15,0.18,0.19,0.35,0.36,0.45,0.51,0.58,0.62,0.72,0.65,0.72,25
baby,0.53,0.6,0.73,0.75,0.81,0.85,0.88,0.93,0.91,0.94,0.96,0.92,0.98,0.96,0.97,16
boy,0.08,0.12,0.22,0.31,0.32,0.37,0.46,0.56,0.58,0.65,0.75,0.76,0.85,0.8,0.9,23
brother,0.07,0.13,0.14,0.18,0.18,0.26,0.26,0.34,0.35,0.39,0.51,0.48,0.61,0.56,0.64,26
child,0.01,0.01,0.03,0.03,0.04,0.04,0.08,0.11,0.15,0.17,0.16,0.26,0.33,0.3,0.37,NA
clown,0.02,0.03,0.09,0.12,0.15,0.15,0.19,0.27,0.32,0.39,0.45,0.49,0.7,0.51,0.67,28
cowboy,0,0,0.01,0.02,0.03,0.04,0.08,0.11,0.16,0.2,0.21,0.23,0.41,0.36,0.47,NA
doctor,0.03,0.05,0.15,0.19,0.24,0.26,0.34,0.39,0.51,0.56,0.63,0.72,0.79,0.76,0.88,24
fireman,0,0.01,0.04,0.03,0.06,0.08,0.15,0.22,0.27,0.3,0.43,0.47,0.59,0.55,0.7,28
girl,0.07,0.09,0.2,0.29,0.3,0.35,0.45,0.5,0.53,0.59,0.64,0.67,0.82,0.75,0.86,24
lady,0.02,0.01,0.07,0.09,0.15,0.15,0.22,0.27,0.3,0.36,0.44,0.48,0.6,0.46,0.61,28
mailman,0.01,0.01,0.04,0.07,0.07,0.12,0.16,0.2,0.23,0.3,0.41,0.46,0.53,0.47,0.64,28
man,0.05,0.04,0.12,0.18,0.22,0.26,0.34,0.44,0.44,0.49,0.61,0.63,0.75,0.67,0.8,26
nurse,0.01,0.01,0.01,0.02,0.04,0.05,0.08,0.08,0.1,0.14,0.19,0.19,0.3,0.26,0.39,NA
people,0.03,0.02,0.09,0.13,0.11,0.13,0.3,0.29,0.33,0.36,0.49,0.55,0.64,0.57,0.72,27
person,0.01,0.01,0.01,0.02,0.04,0.03,0.05,0.06,0.11,0.14,0.19,0.21,0.29,0.25,0.33,NA
police,0.01,0,0.03,0.02,0.04,0.06,0.12,0.17,0.22,0.28,0.38,0.42,0.52,0.48,0.65,28
sister,0.1,0.14,0.16,0.19,0.23,0.27,0.3,0.34,0.38,0.41,0.52,0.41,0.59,0.52,0.66,26
teacher,0.01,0.02,0.05,0.07,0.07,0.09,0.17,0.17,0.3,0.29,0.38,0.39,0.54,0.56,0.65,28
uncle,0.03,0.04,0.12,0.14,0.17,0.21,0.34,0.35,0.43,0.51,0.56,0.55,0.69,0.62,0.75,25
bath,0.36,0.45,0.57,0.63,0.67,0.7,0.82,0.85,0.85,0.86,0.93,0.9,0.97,0.93,0.97,18
breakfast,0.06,0.08,0.15,0.21,0.25,0.32,0.43,0.49,0.54,0.62,0.61,0.69,0.82,0.78,0.87,24
bye,0.72,0.75,0.88,0.88,0.91,0.91,0.92,0.94,0.95,0.96,0.97,0.93,0.98,0.97,0.98,16
dinner,0.05,0.05,0.13,0.17,0.23,0.32,0.42,0.47,0.53,0.59,0.63,0.67,0.82,0.76,0.86,24
hello,0.33,0.48,0.5,0.58,0.64,0.67,0.75,0.78,0.74,0.75,0.77,0.76,0.82,0.85,0.88,19
hi,0.65,0.54,0.71,0.72,0.76,0.74,0.77,0.84,0.89,0.92,0.93,0.93,0.98,0.93,0.95,16
lunch,0.05,0.06,0.16,0.18,0.24,0.3,0.36,0.48,0.53,0.6,0.65,0.64,0.81,0.8,0.88,24
nap,0.08,0.11,0.22,0.27,0.35,0.39,0.52,0.58,0.67,0.72,0.82,0.79,0.91,0.84,0.94,22
no,0.64,0.7,0.78,0.83,0.85,0.89,0.91,0.93,0.95,0.93,0.97,0.95,0.98,0.97,1,16
please,0.27,0.36,0.49,0.56,0.68,0.74,0.76,0.85,0.87,0.86,0.93,0.94,0.98,0.96,0.98,19
shopping,0.02,0.03,0.09,0.13,0.12,0.18,0.28,0.37,0.43,0.5,0.56,0.59,0.75,0.64,0.8,26
snack,0.05,0.12,0.2,0.22,0.29,0.33,0.41,0.55,0.57,0.62,0.66,0.67,0.8,0.78,0.88,23
turn around,0.02,0.03,0.07,0.14,0.14,0.16,0.26,0.35,0.41,0.47,0.54,0.56,0.71,0.63,0.77,26
yes,0.35,0.42,0.51,0.59,0.72,0.79,0.81,0.84,0.88,0.91,0.93,0.94,0.96,0.97,0.99,18
bite,0.13,0.17,0.29,0.36,0.37,0.45,0.59,0.64,0.66,0.73,0.78,0.77,0.91,0.81,0.9,22
blow,0.07,0.05,0.17,0.24,0.27,0.27,0.43,0.45,0.57,0.63,0.68,0.68,0.86,0.7,0.86,24
break,0.02,0.03,0.09,0.13,0.19,0.22,0.4,0.48,0.48,0.57,0.69,0.64,0.83,0.75,0.9,25
bring,0.02,0.03,0.07,0.1,0.11,0.17,0.2,0.34,0.34,0.44,0.51,0.5,0.68,0.61,0.74,26
build,0.01,0.01,0.03,0.05,0.07,0.11,0.19,0.28,0.32,0.39,0.47,0.51,0.63,0.63,0.76,27
bump,0.06,0.07,0.13,0.14,0.2,0.18,0.36,0.37,0.41,0.47,0.57,0.51,0.71,0.66,0.76,26
buy,0.01,0.01,0.04,0.05,0.09,0.1,0.18,0.23,0.28,0.35,0.44,0.49,0.63,0.64,0.73,28
carry,0.01,0.02,0.07,0.13,0.14,0.22,0.3,0.4,0.44,0.56,0.61,0.64,0.76,0.75,0.82,25
catch,0.02,0.03,0.09,0.11,0.15,0.2,0.3,0.39,0.47,0.53,0.59,0.64,0.77,0.72,0.83,25
chase,0.01,0.03,0.05,0.08,0.08,0.1,0.16,0.25,0.28,0.36,0.36,0.37,0.6,0.52,0.65,28
clap,0.07,0.12,0.21,0.29,0.32,0.31,0.49,0.5,0.6,0.64,0.67,0.67,0.82,0.75,0.86,24
climb,0.02,0.04,0.07,0.13,0.15,0.18,0.34,0.37,0.45,0.52,0.56,0.57,0.75,0.7,0.81,25
close,0.06,0.06,0.14,0.17,0.25,0.25,0.4,0.45,0.52,0.58,0.66,0.66,0.83,0.78,0.86,24
cook,0.03,0.04,0.12,0.14,0.21,0.26,0.3,0.42,0.5,0.57,0.61,0.61,0.77,0.72,0.81,25
cover,0.01,0.01,0.03,0.06,0.07,0.09,0.16,0.22,0.27,0.31,0.43,0.39,0.62,0.56,0.65,28
cry,0.04,0.09,0.14,0.22,0.3,0.36,0.46,0.55,0.61,0.72,0.8,0.76,0.9,0.85,0.94,23
cut,0.01,0.01,0.04,0.08,0.11,0.13,0.22,0.31,0.36,0.47,0.54,0.55,0.72,0.66,0.77,26
dance,0.07,0.11,0.2,0.27,0.28,0.35,0.51,0.51,0.61,0.66,0.72,0.71,0.85,0.8,0.92,22
draw,0.02,0.03,0.09,0.16,0.14,0.26,0.32,0.37,0.46,0.52,0.57,0.59,0.76,0.69,0.83,25
drive,0.02,0.03,0.09,0.14,0.16,0.24,0.34,0.45,0.5,0.57,0.6,0.66,0.82,0.75,0.85,25
drop,0.01,0.03,0.07,0.11,0.13,0.15,0.32,0.37,0.43,0.44,0.6,0.54,0.75,0.66,0.82,26
dump,0.01,0.01,0.03,0.06,0.09,0.06,0.12,0.23,0.23,0.25,0.28,0.35,0.45,0.45,0.53,30
eat,0.17,0.24,0.43,0.51,0.51,0.64,0.7,0.8,0.82,0.86,0.91,0.91,0.96,0.92,0.96,19
fall,0.04,0.07,0.14,0.23,0.24,0.33,0.48,0.57,0.61,0.71,0.79,0.75,0.9,0.8,0.93,23
feed,0.01,0.02,0.05,0.1,0.12,0.12,0.22,0.32,0.33,0.43,0.51,0.54,0.7,0.62,0.75,26
find,0.01,0.02,0.07,0.11,0.15,0.18,0.31,0.38,0.43,0.52,0.58,0.61,0.79,0.68,0.82,25
finish,0.01,0.03,0.05,0.07,0.08,0.07,0.16,0.23,0.26,0.34,0.39,0.41,0.59,0.56,0.63,28
fit,0,0,0.03,0.04,0.05,0.06,0.12,0.18,0.22,0.29,0.38,0.37,0.54,0.51,0.6,28
fix,0.01,0.02,0.09,0.13,0.18,0.21,0.32,0.44,0.48,0.56,0.64,0.66,0.83,0.71,0.85,25
get,0.06,0.07,0.17,0.22,0.22,0.3,0.44,0.52,0.55,0.62,0.7,0.69,0.87,0.79,0.84,23
give,0.03,0.03,0.06,0.12,0.14,0.17,0.28,0.35,0.42,0.49,0.6,0.58,0.78,0.71,0.79,26
go,0.25,0.34,0.45,0.56,0.59,0.67,0.72,0.8,0.82,0.85,0.88,0.87,0.95,0.93,0.96,19
hate,0,0,0,0.01,0.01,0,0.04,0.06,0.05,0.1,0.19,0.15,0.22,0.2,0.27,NA
have,0.01,0.02,0.06,0.1,0.13,0.15,0.27,0.35,0.4,0.47,0.57,0.6,0.75,0.7,0.78,26
hear,0.01,0.01,0.05,0.09,0.1,0.11,0.24,0.29,0.34,0.42,0.49,0.52,0.68,0.62,0.78,27
help,0.07,0.11,0.21,0.3,0.32,0.38,0.54,0.6,0.66,0.76,0.76,0.8,0.9,0.87,0.88,22
hide,0.01,0.02,0.07,0.13,0.18,0.22,0.34,0.4,0.45,0.57,0.58,0.59,0.78,0.73,0.82,25
hit,0.02,0.04,0.11,0.16,0.19,0.25,0.42,0.46,0.55,0.62,0.7,0.69,0.84,0.76,0.84,24
hold,0.02,0.01,0.1,0.16,0.14,0.23,0.38,0.44,0.46,0.53,0.68,0.59,0.83,0.7,0.84,25
hug,0.11,0.17,0.28,0.37,0.42,0.44,0.6,0.69,0.7,0.77,0.83,0.83,0.92,0.89,0.95,22
hurry,0.02,0.01,0.05,0.07,0.09,0.13,0.2,0.21,0.32,0.37,0.49,0.43,0.68,0.56,0.72,28
jump,0.05,0.09,0.19,0.24,0.3,0.39,0.53,0.6,0.66,0.71,0.73,0.75,0.89,0.84,0.94,22
kick,0.05,0.08,0.15,0.21,0.2,0.29,0.38,0.47,0.53,0.59,0.66,0.67,0.8,0.77,0.88,24
kiss,0.13,0.21,0.32,0.41,0.45,0.51,0.62,0.71,0.76,0.82,0.85,0.84,0.94,0.91,0.94,21
knock,0.03,0.07,0.11,0.16,0.15,0.25,0.36,0.37,0.45,0.5,0.56,0.59,0.73,0.66,0.79,26
lick,0,0.02,0.03,0.05,0.07,0.15,0.18,0.25,0.29,0.38,0.42,0.5,0.62,0.61,0.7,28
like,0.01,0.01,0.05,0.1,0.12,0.14,0.28,0.35,0.41,0.47,0.57,0.64,0.76,0.7,0.86,26
listen,0,0.01,0.04,0.06,0.08,0.11,0.16,0.26,0.27,0.34,0.39,0.44,0.58,0.59,0.65,28
look,0.06,0.07,0.15,0.2,0.19,0.25,0.38,0.47,0.61,0.64,0.73,0.72,0.86,0.83,0.87,24
make,0,0,0.02,0.06,0.08,0.12,0.22,0.28,0.34,0.4,0.52,0.54,0.73,0.66,0.79,26
open,0.12,0.14,0.28,0.38,0.39,0.44,0.62,0.64,0.71,0.77,0.82,0.84,0.92,0.87,0.93,22
paint,0.01,0.03,0.06,0.08,0.13,0.19,0.26,0.32,0.39,0.44,0.5,0.57,0.73,0.68,0.8,27
pick,0.01,0,0.04,0.08,0.07,0.09,0.13,0.21,0.24,0.32,0.44,0.38,0.58,0.56,0.65,28
play,0.06,0.09,0.19,0.27,0.32,0.37,0.52,0.62,0.66,0.72,0.84,0.8,0.9,0.88,0.95,22
pour,0.01,0,0.03,0.06,0.07,0.11,0.18,0.2,0.25,0.35,0.38,0.5,0.6,0.55,0.66,28
pretend,0,0,0.01,0.02,0.03,0.02,0.06,0.12,0.14,0.17,0.25,0.24,0.42,0.4,0.5,NA
pull,0.03,0.04,0.06,0.12,0.13,0.2,0.28,0.34,0.39,0.48,0.57,0.54,0.73,0.67,0.76,26
push,0.05,0.05,0.12,0.17,0.24,0.27,0.35,0.46,0.51,0.59,0.67,0.69,0.81,0.78,0.84,24
put,0.01,0.02,0.05,0.09,0.14,0.14,0.22,0.29,0.35,0.43,0.54,0.48,0.69,0.63,0.73,26
read,0.09,0.16,0.21,0.28,0.31,0.37,0.55,0.61,0.68,0.73,0.78,0.77,0.92,0.82,0.92,22
ride,0.04,0.05,0.14,0.2,0.2,0.3,0.42,0.51,0.56,0.62,0.72,0.7,0.85,0.74,0.86,23
rip,0,0.01,0.01,0.04,0.03,0.05,0.06,0.13,0.13,0.17,0.25,0.29,0.4,0.36,0.45,NA
run,0.03,0.06,0.14,0.2,0.26,0.32,0.5,0.53,0.62,0.69,0.71,0.71,0.86,0.8,0.93,23
say,0.02,0.04,0.07,0.09,0.09,0.11,0.22,0.24,0.32,0.4,0.45,0.49,0.65,0.59,0.73,28
see,0.11,0.12,0.23,0.3,0.28,0.4,0.5,0.59,0.64,0.73,0.79,0.74,0.87,0.82,0.88,23
shake,0.01,0.04,0.07,0.12,0.13,0.16,0.25,0.29,0.36,0.36,0.49,0.45,0.63,0.56,0.67,28
share,0.01,0.01,0.05,0.09,0.11,0.17,0.28,0.3,0.37,0.47,0.48,0.57,0.71,0.63,0.79,27
show,0.01,0.01,0.04,0.05,0.08,0.12,0.19,0.29,0.31,0.4,0.45,0.46,0.64,0.61,0.76,28
sing,0.03,0.05,0.11,0.15,0.22,0.26,0.41,0.44,0.55,0.61,0.67,0.66,0.83,0.75,0.88,24
sit,0.11,0.16,0.29,0.38,0.39,0.47,0.59,0.69,0.7,0.76,0.75,0.78,0.91,0.8,0.92,22
skate,0,0,0.01,0.03,0.03,0.08,0.08,0.09,0.15,0.17,0.25,0.27,0.42,0.37,0.44,NA
sleep,0.05,0.09,0.17,0.27,0.32,0.38,0.51,0.62,0.64,0.74,0.77,0.8,0.91,0.84,0.92,22
smile,0.01,0.02,0.05,0.1,0.11,0.16,0.22,0.31,0.35,0.45,0.45,0.5,0.67,0.65,0.73,28
spill,0.01,0.01,0.04,0.08,0.12,0.17,0.24,0.31,0.33,0.43,0.55,0.51,0.71,0.67,0.81,26
splash,0.05,0.05,0.11,0.16,0.17,0.25,0.31,0.4,0.46,0.5,0.55,0.56,0.75,0.7,0.84,26
stand,0.01,0.02,0.06,0.08,0.13,0.2,0.28,0.35,0.37,0.45,0.57,0.54,0.71,0.67,0.77,26
stay,0.01,0.02,0.06,0.08,0.11,0.12,0.26,0.36,0.38,0.43,0.55,0.55,0.72,0.64,0.76,26
stop,0.09,0.14,0.2,0.26,0.33,0.42,0.54,0.61,0.66,0.74,0.78,0.75,0.91,0.84,0.91,22
sweep,0.02,0.03,0.07,0.12,0.14,0.22,0.28,0.33,0.38,0.46,0.48,0.5,0.71,0.65,0.75,28
swim,0.03,0.07,0.14,0.19,0.19,0.27,0.38,0.48,0.52,0.61,0.64,0.63,0.8,0.75,0.87,24
take,0.01,0.01,0.04,0.08,0.08,0.12,0.24,0.32,0.32,0.41,0.5,0.5,0.69,0.65,0.75,28
talk,0.01,0.03,0.08,0.1,0.12,0.13,0.26,0.35,0.4,0.46,0.54,0.58,0.75,0.72,0.81,26
taste,0.01,0,0.04,0.06,0.07,0.1,0.2,0.23,0.27,0.31,0.41,0.44,0.61,0.55,0.65,28
tear,0,0.01,0.02,0.02,0.05,0.06,0.08,0.12,0.19,0.23,0.24,0.33,0.44,0.46,0.54,30
think,0,0,0.02,0.01,0.03,0.04,0.08,0.09,0.13,0.18,0.22,0.26,0.43,0.37,0.51,30
throw,0.04,0.06,0.14,0.16,0.19,0.23,0.38,0.48,0.54,0.62,0.65,0.69,0.83,0.76,0.88,24
tickle,0.12,0.14,0.27,0.24,0.3,0.3,0.48,0.55,0.6,0.66,0.67,0.7,0.86,0.75,0.86,23
touch,0.03,0.02,0.1,0.12,0.16,0.16,0.26,0.33,0.4,0.48,0.55,0.57,0.75,0.67,0.83,26
wait,0.01,0.03,0.07,0.1,0.14,0.18,0.27,0.34,0.38,0.45,0.5,0.55,0.72,0.65,0.77,27
wake,0.01,0.01,0.04,0.06,0.1,0.13,0.23,0.25,0.34,0.44,0.49,0.53,0.7,0.63,0.77,27
walk,0.08,0.12,0.26,0.34,0.31,0.42,0.56,0.61,0.67,0.72,0.72,0.75,0.89,0.79,0.91,22
wash,0.05,0.06,0.15,0.22,0.29,0.33,0.48,0.52,0.61,0.66,0.69,0.65,0.88,0.73,0.89,23
wipe,0.03,0.02,0.1,0.12,0.17,0.23,0.36,0.36,0.45,0.5,0.49,0.57,0.73,0.71,0.78,27
wish,0,0,0,0.02,0.03,0.03,0.04,0.05,0.06,0.11,0.15,0.15,0.26,0.25,0.37,NA
write,0.01,0.01,0.05,0.11,0.15,0.19,0.26,0.27,0.37,0.39,0.44,0.52,0.64,0.64,0.71,27
asleep,0.03,0.06,0.11,0.19,0.22,0.25,0.4,0.46,0.55,0.59,0.61,0.57,0.79,0.75,0.85,24
awake,0.01,0.03,0.05,0.11,0.12,0.2,0.3,0.35,0.4,0.49,0.57,0.53,0.73,0.68,0.8,26
bad,0.07,0.07,0.13,0.16,0.21,0.29,0.32,0.42,0.5,0.56,0.66,0.58,0.76,0.69,0.83,25
better,0.01,0.03,0.06,0.09,0.1,0.15,0.22,0.25,0.32,0.4,0.52,0.52,0.65,0.58,0.75,26
big,0.08,0.1,0.23,0.29,0.35,0.43,0.57,0.63,0.67,0.74,0.85,0.79,0.91,0.82,0.94,22
black,0.02,0.06,0.08,0.12,0.14,0.16,0.32,0.37,0.41,0.48,0.51,0.49,0.73,0.66,0.82,26
blue,0.09,0.14,0.23,0.31,0.31,0.38,0.52,0.56,0.65,0.7,0.7,0.74,0.87,0.8,0.91,22
broken,0.04,0.06,0.13,0.2,0.28,0.33,0.5,0.58,0.61,0.67,0.78,0.73,0.89,0.81,0.93,23
brown,0.02,0.01,0.07,0.11,0.1,0.14,0.26,0.33,0.36,0.43,0.45,0.46,0.66,0.56,0.76,28
careful,0.02,0.02,0.09,0.12,0.16,0.16,0.25,0.36,0.38,0.5,0.52,0.51,0.74,0.62,0.79,26
cold,0.13,0.19,0.33,0.44,0.47,0.52,0.67,0.71,0.77,0.82,0.83,0.82,0.94,0.87,0.95,21
cute,0.03,0.05,0.08,0.12,0.16,0.16,0.3,0.33,0.34,0.4,0.46,0.42,0.63,0.56,0.67,28
dark,0.03,0.04,0.07,0.12,0.15,0.16,0.26,0.38,0.45,0.5,0.56,0.54,0.75,0.65,0.81,26
dirty,0.1,0.1,0.23,0.33,0.39,0.47,0.57,0.62,0.69,0.73,0.81,0.77,0.91,0.83,0.95,22
empty,0.03,0.02,0.1,0.14,0.16,0.21,0.26,0.35,0.38,0.45,0.49,0.52,0.68,0.59,0.75,27
fast,0.02,0.04,0.05,0.12,0.15,0.19,0.3,0.37,0.42,0.5,0.57,0.59,0.75,0.67,0.83,26
fine,0.01,0.01,0.01,0.03,0.04,0.04,0.08,0.13,0.16,0.22,0.29,0.29,0.4,0.33,0.51,30
first,0.01,0,0.02,0.04,0.04,0.08,0.15,0.2,0.22,0.31,0.38,0.41,0.56,0.52,0.66,28
full,0.01,0.02,0.05,0.09,0.1,0.1,0.2,0.25,0.34,0.36,0.5,0.52,0.67,0.61,0.75,27
gentle,0.04,0.07,0.11,0.11,0.13,0.14,0.23,0.29,0.33,0.41,0.39,0.39,0.54,0.48,0.62,28
good,0.08,0.13,0.18,0.25,0.28,0.3,0.42,0.45,0.55,0.62,0.72,0.69,0.83,0.79,0.88,24
green,0.04,0.07,0.15,0.21,0.24,0.28,0.42,0.47,0.53,0.59,0.6,0.63,0.82,0.76,0.89,24
happy,0.07,0.1,0.18,0.23,0.3,0.29,0.41,0.49,0.55,0.6,0.6,0.69,0.79,0.74,0.87,24
hard,0.01,0.01,0.04,0.07,0.08,0.08,0.16,0.21,0.3,0.35,0.43,0.42,0.62,0.56,0.69,28
heavy,0.03,0.02,0.08,0.16,0.19,0.24,0.36,0.44,0.49,0.55,0.64,0.68,0.81,0.74,0.88,25
high,0.01,0.01,0.06,0.08,0.14,0.16,0.26,0.31,0.37,0.47,0.47,0.53,0.69,0.64,0.8,27
hot,0.43,0.4,0.61,0.64,0.72,0.71,0.77,0.85,0.84,0.85,0.92,0.89,0.97,0.91,0.95,18
hungry,0.05,0.07,0.15,0.18,0.24,0.29,0.39,0.47,0.54,0.59,0.67,0.73,0.82,0.77,0.89,24
hurt,0.03,0.05,0.1,0.19,0.23,0.24,0.36,0.47,0.56,0.59,0.67,0.66,0.83,0.75,0.85,24
last,0,0,0.01,0.03,0.02,0.03,0.06,0.09,0.08,0.17,0.19,0.21,0.33,0.32,0.41,NA
long,0,0,0.01,0.03,0.03,0.03,0.08,0.13,0.16,0.21,0.28,0.3,0.45,0.42,0.56,30
loud,0.01,0.01,0.05,0.08,0.1,0.16,0.25,0.33,0.37,0.47,0.52,0.51,0.69,0.65,0.82,26
mad,0.01,0.02,0.01,0.05,0.06,0.08,0.15,0.22,0.25,0.32,0.39,0.43,0.58,0.54,0.66,28
naughty,0.01,0.02,0.05,0.06,0.05,0.05,0.04,0.15,0.16,0.2,0.2,0.27,0.3,0.28,0.34,NA
new,0.01,0.01,0.03,0.05,0.08,0.09,0.15,0.24,0.26,0.35,0.39,0.41,0.58,0.48,0.68,28
nice,0.06,0.05,0.12,0.22,0.27,0.25,0.38,0.42,0.44,0.5,0.59,0.56,0.76,0.66,0.77,26
noisy,0.01,0.02,0.03,0.08,0.09,0.11,0.18,0.24,0.24,0.34,0.43,0.36,0.58,0.49,0.61,28
old,0.01,0.02,0.02,0.03,0.03,0.07,0.12,0.17,0.17,0.26,0.33,0.29,0.5,0.43,0.56,30
poor,0,0,0.01,0.01,0.02,0.04,0.03,0.07,0.08,0.12,0.13,0.14,0.27,0.23,0.27,NA
pretty,0.1,0.11,0.19,0.26,0.26,0.35,0.46,0.46,0.5,0.53,0.57,0.61,0.79,0.72,0.82,25
quiet,0.01,0.01,0.04,0.06,0.11,0.17,0.22,0.34,0.37,0.42,0.51,0.49,0.71,0.61,0.74,26
red,0.06,0.09,0.14,0.21,0.26,0.31,0.46,0.51,0.56,0.64,0.67,0.67,0.83,0.78,0.88,23
sad,0.01,0.03,0.05,0.09,0.13,0.17,0.26,0.35,0.39,0.45,0.45,0.5,0.72,0.67,0.79,28
scared,0.01,0.02,0.02,0.05,0.08,0.12,0.22,0.29,0.36,0.41,0.53,0.58,0.73,0.62,0.8,26
sick,0.01,0.01,0.03,0.07,0.12,0.17,0.22,0.3,0.34,0.41,0.51,0.57,0.73,0.66,0.77,26
sleepy,0.04,0.05,0.1,0.17,0.18,0.24,0.34,0.41,0.46,0.54,0.59,0.57,0.75,0.64,0.76,25
slow,0.01,0.01,0.02,0.06,0.04,0.11,0.1,0.17,0.2,0.29,0.34,0.35,0.54,0.49,0.63,28
soft,0.03,0.04,0.13,0.14,0.15,0.19,0.26,0.36,0.42,0.47,0.5,0.55,0.72,0.62,0.77,27
sticky,0.02,0.05,0.09,0.11,0.17,0.18,0.27,0.32,0.4,0.48,0.49,0.53,0.7,0.63,0.79,27
stuck,0.04,0.08,0.13,0.16,0.22,0.23,0.34,0.37,0.45,0.43,0.59,0.57,0.76,0.62,0.73,26
thirsty,0.03,0.02,0.07,0.13,0.16,0.19,0.31,0.4,0.44,0.47,0.54,0.62,0.73,0.69,0.76,26
tiny,0,0,0.02,0.03,0.04,0.09,0.1,0.15,0.15,0.18,0.26,0.28,0.42,0.38,0.46,NA
tired,0.02,0.03,0.06,0.1,0.14,0.18,0.3,0.39,0.4,0.49,0.56,0.56,0.77,0.68,0.82,26
wet,0.07,0.1,0.22,0.3,0.35,0.42,0.57,0.61,0.67,0.75,0.81,0.79,0.92,0.82,0.94,22
white,0.01,0.03,0.05,0.07,0.11,0.16,0.29,0.32,0.34,0.4,0.44,0.5,0.69,0.59,0.75,28
windy,0.02,0.02,0.06,0.11,0.12,0.11,0.23,0.27,0.33,0.44,0.44,0.51,0.61,0.57,0.71,27
yellow,0.06,0.1,0.15,0.23,0.3,0.3,0.42,0.46,0.57,0.62,0.59,0.68,0.81,0.72,0.86,24
yucky,0.19,0.22,0.38,0.37,0.41,0.43,0.55,0.63,0.67,0.69,0.71,0.68,0.86,0.78,0.87,22
after,0,0,0.02,0.02,0.04,0.06,0.11,0.14,0.19,0.25,0.33,0.31,0.47,0.45,0.54,30
before,0,0,0.01,0,0.01,0.03,0.05,0.08,0.08,0.13,0.22,0.17,0.28,0.3,0.4,MA
day,0.01,0.01,0.04,0.07,0.08,0.11,0.2,0.23,0.25,0.34,0.39,0.45,0.52,0.52,0.59,28
later,0.01,0,0.03,0.09,0.09,0.13,0.2,0.28,0.28,0.35,0.41,0.45,0.63,0.53,0.65,28
morning,0.01,0.03,0.09,0.1,0.14,0.17,0.24,0.31,0.34,0.41,0.49,0.49,0.66,0.64,0.76,28
night,0.07,0.08,0.17,0.23,0.24,0.31,0.45,0.47,0.51,0.59,0.6,0.61,0.78,0.73,0.84,24
now,0.03,0.05,0.07,0.13,0.18,0.23,0.29,0.38,0.42,0.53,0.62,0.64,0.77,0.67,0.77,25
time,0,0,0.02,0.02,0.05,0.07,0.08,0.11,0.1,0.18,0.2,0.27,0.38,0.35,0.47,NA
today,0.01,0,0.02,0.03,0.04,0.04,0.14,0.18,0.22,0.25,0.34,0.41,0.47,0.45,0.63,30
tomorrow,0.01,0.01,0.03,0.05,0.07,0.05,0.13,0.16,0.21,0.29,0.34,0.41,0.49,0.45,0.59,30
tonight,0,0,0.01,0.03,0.03,0.02,0.08,0.12,0.13,0.18,0.23,0.26,0.36,0.38,0.47,NA
yesterday,0,0,0.01,0.01,0.01,0.01,0.04,0.08,0.08,0.12,0.14,0.17,0.29,0.27,0.34,NA
he,0,0,0.02,0.04,0.06,0.09,0.19,0.21,0.24,0.26,0.39,0.47,0.59,0.57,0.68,28
her,0,0,0,0.04,0.03,0.05,0.1,0.16,0.17,0.22,0.32,0.35,0.44,0.45,0.56,30
hers,0,0.01,0,0.01,0.03,0.02,0.07,0.08,0.1,0.16,0.23,0.21,0.34,0.34,0.41,NA
him,0.01,0,0.01,0.02,0.03,0.06,0.1,0.15,0.13,0.21,0.3,0.33,0.43,0.44,0.52,30
his,0,0,0,0.02,0.03,0.05,0.08,0.12,0.13,0.21,0.25,0.3,0.4,0.38,0.5,NA
I,0.1,0.11,0.18,0.24,0.24,0.33,0.4,0.47,0.56,0.6,0.62,0.66,0.81,0.8,0.88,24
it,0.06,0.05,0.1,0.15,0.16,0.16,0.32,0.31,0.4,0.43,0.49,0.58,0.71,0.7,0.78,27
me,0.18,0.21,0.29,0.36,0.41,0.42,0.56,0.59,0.68,0.7,0.73,0.78,0.88,0.82,0.92,22
mine,0.21,0.31,0.41,0.52,0.58,0.64,0.71,0.75,0.83,0.82,0.85,0.85,0.93,0.87,0.93,19
my,0.08,0.07,0.12,0.22,0.19,0.29,0.4,0.44,0.53,0.55,0.6,0.58,0.8,0.77,0.81,24
myself,0,0,0.01,0.01,0.03,0.02,0.13,0.13,0.14,0.19,0.26,0.26,0.41,0.35,0.47,NA
our,0,0,0,0.02,0.03,0.02,0.04,0.11,0.08,0.16,0.19,0.23,0.33,0.34,0.37,NA
she,0.01,0.01,0.01,0.04,0.04,0.05,0.14,0.18,0.2,0.24,0.37,0.38,0.49,0.48,0.59,30
that,0.21,0.19,0.2,0.3,0.29,0.32,0.46,0.48,0.51,0.57,0.64,0.68,0.79,0.75,0.83,24
their,0,0,0,0.01,0.02,0.02,0.04,0.06,0.06,0.1,0.18,0.18,0.26,0.29,0.29,NA
them,0,0,0.01,0.03,0.02,0.03,0.08,0.1,0.1,0.17,0.27,0.25,0.33,0.35,0.42,NA
these,0.02,0.01,0.04,0.07,0.09,0.07,0.18,0.2,0.2,0.29,0.44,0.4,0.51,0.46,0.54,28
they,0,0,0.01,0.01,0.02,0.03,0.06,0.08,0.08,0.14,0.23,0.25,0.36,0.37,0.44,NA
this,0.14,0.18,0.19,0.23,0.24,0.3,0.44,0.45,0.46,0.52,0.6,0.61,0.78,0.64,0.79,25
those,0.01,0.01,0.03,0.03,0.04,0.03,0.08,0.14,0.15,0.16,0.29,0.27,0.44,0.41,0.49,NA
us,0,0,0,0.01,0.01,0.02,0.07,0.06,0.08,0.12,0.16,0.17,0.26,0.31,0.34,NA
we,0.01,0.01,0.01,0.02,0.03,0.04,0.09,0.13,0.15,0.2,0.29,0.33,0.43,0.43,0.54,30
you,0.08,0.08,0.15,0.22,0.24,0.27,0.4,0.47,0.54,0.63,0.66,0.71,0.84,0.76,0.89,24
your,0.01,0,0.01,0.03,0.05,0.03,0.1,0.15,0.2,0.23,0.32,0.33,0.52,0.49,0.6,28
yourself,0,0,0,0,0.01,0.01,0.02,0.04,0.04,0.07,0.12,0.15,0.21,0.21,0.23,NA
how,0.01,0,0.02,0.03,0.04,0.04,0.09,0.14,0.16,0.2,0.31,0.3,0.44,0.41,0.51,30
what,0.15,0.13,0.19,0.22,0.24,0.32,0.46,0.5,0.53,0.57,0.66,0.72,0.81,0.79,0.88,24
when,0,0,0.01,0.02,0.01,0,0.04,0.06,0.09,0.13,0.25,0.24,0.31,0.35,0.41,NA
where,0.05,0.07,0.09,0.12,0.16,0.15,0.32,0.42,0.47,0.5,0.57,0.61,0.78,0.68,0.82,26
which,0,0,0.01,0,0.01,0.01,0.02,0.06,0.07,0.11,0.13,0.09,0.2,0.26,0.31,NA
who,0.03,0.04,0.03,0.06,0.07,0.06,0.17,0.22,0.26,0.28,0.43,0.52,0.57,0.54,0.68,27
why,0.02,0.03,0.07,0.1,0.11,0.13,0.23,0.29,0.27,0.32,0.47,0.49,0.56,0.56,0.69,28
about,0,0,0,0.01,0.02,0.02,0.04,0.06,0.06,0.1,0.13,0.1,0.23,0.26,0.31,NA
above,0,0.01,0.01,0.01,0.03,0.03,0.05,0.07,0.08,0.14,0.17,0.19,0.24,0.26,0.3,NA
around,0.01,0.01,0.02,0.03,0.05,0.04,0.08,0.18,0.17,0.27,0.31,0.29,0.45,0.41,0.51,30
at,0.01,0.02,0.03,0.04,0.07,0.1,0.19,0.21,0.23,0.27,0.41,0.42,0.55,0.51,0.61,28
away,0.02,0.01,0.06,0.08,0.1,0.12,0.24,0.29,0.34,0.42,0.48,0.49,0.67,0.58,0.68,28
back,0.05,0.04,0.1,0.14,0.16,0.16,0.31,0.4,0.38,0.46,0.52,0.54,0.69,0.65,0.78,26
behind,0.01,0.01,0.02,0.03,0.05,0.06,0.09,0.18,0.2,0.27,0.35,0.36,0.49,0.46,0.6,30
beside,0,0,0.01,0,0.03,0.03,0.06,0.07,0.09,0.12,0.14,0.17,0.22,0.23,0.28,NA
by,0.01,0.03,0.02,0.04,0.06,0.11,0.11,0.2,0.21,0.28,0.34,0.37,0.5,0.44,0.59,30
down,0.29,0.36,0.47,0.54,0.52,0.57,0.7,0.74,0.74,0.8,0.85,0.79,0.93,0.87,0.93,19
for,0,0,0.02,0.03,0.03,0.05,0.12,0.16,0.18,0.26,0.34,0.39,0.54,0.49,0.63,28
here,0.04,0.07,0.09,0.16,0.19,0.25,0.36,0.39,0.49,0.53,0.6,0.69,0.81,0.68,0.83,25
into,0,0,0,0.01,0.02,0.03,0.07,0.08,0.08,0.16,0.19,0.21,0.31,0.31,0.35,NA
of,0.01,0,0.01,0.03,0.01,0.02,0.04,0.09,0.09,0.14,0.17,0.21,0.29,0.3,0.37,NA
off,0.15,0.15,0.34,0.39,0.45,0.46,0.67,0.69,0.7,0.74,0.8,0.82,0.91,0.85,0.93,22
on,0.14,0.17,0.3,0.34,0.42,0.47,0.62,0.67,0.71,0.72,0.78,0.83,0.92,0.83,0.92,22
out,0.18,0.2,0.34,0.35,0.41,0.43,0.6,0.62,0.65,0.68,0.79,0.75,0.86,0.8,0.88,22
over,0.01,0.01,0.04,0.06,0.08,0.1,0.22,0.27,0.28,0.36,0.45,0.49,0.67,0.59,0.71,28
there,0.07,0.04,0.11,0.12,0.17,0.19,0.31,0.39,0.42,0.48,0.6,0.63,0.78,0.68,0.79,26
to,0.01,0.02,0.03,0.05,0.08,0.09,0.18,0.25,0.28,0.37,0.48,0.45,0.62,0.55,0.68,28
under,0.01,0.01,0.04,0.09,0.1,0.13,0.2,0.29,0.34,0.44,0.46,0.5,0.7,0.61,0.77,28
up,0.37,0.38,0.51,0.53,0.58,0.6,0.74,0.72,0.76,0.77,0.81,0.81,0.91,0.87,0.91,18
with,0,0,0.02,0.04,0.03,0.05,0.18,0.18,0.27,0.29,0.44,0.44,0.61,0.53,0.69,28
all,0.06,0.04,0.09,0.12,0.12,0.12,0.26,0.29,0.39,0.4,0.5,0.57,0.69,0.64,0.74,27
an,0,0,0,0.01,0.01,0.01,0.04,0.04,0.05,0.09,0.14,0.15,0.17,0.19,0.25,NA
another,0.01,0.01,0.05,0.07,0.07,0.07,0.2,0.19,0.26,0.33,0.43,0.37,0.57,0.52,0.63,28
any,0,0,0.01,0.03,0.03,0.03,0.09,0.09,0.15,0.2,0.33,0.34,0.44,0.44,0.53,30
each,0,0,0,0.01,0.01,0.02,0.03,0.04,0.04,0.09,0.1,0.13,0.15,0.19,0.22,NA
every,0,0,0.01,0,0.01,0.02,0.04,0.1,0.09,0.14,0.17,0.19,0.26,0.3,0.35,NA
more,0.3,0.29,0.43,0.51,0.52,0.59,0.7,0.72,0.74,0.77,0.85,0.84,0.92,0.85,0.92,19
much,0,0.01,0.02,0.03,0.03,0.02,0.1,0.13,0.14,0.17,0.24,0.25,0.36,0.31,0.44,NA
none,0.01,0.02,0.02,0.05,0.06,0.08,0.12,0.13,0.17,0.2,0.24,0.28,0.36,0.37,0.42,NA
not,0.02,0.01,0.03,0.05,0.1,0.08,0.17,0.22,0.28,0.32,0.4,0.47,0.64,0.56,0.67,28
other,0.01,0,0.03,0.03,0.05,0.08,0.18,0.18,0.23,0.27,0.4,0.38,0.53,0.43,0.56,28
same,0,0,0.02,0.02,0.03,0.02,0.09,0.15,0.13,0.2,0.25,0.27,0.35,0.41,0.44,NA
some,0.03,0.03,0.09,0.12,0.14,0.18,0.29,0.29,0.38,0.41,0.57,0.58,0.72,0.66,0.78,26
the,0.02,0.03,0.04,0.08,0.08,0.09,0.21,0.24,0.29,0.31,0.5,0.46,0.63,0.53,0.7,28
too,0.01,0.04,0.07,0.12,0.17,0.18,0.29,0.34,0.42,0.45,0.58,0.66,0.74,0.62,0.78,26
are,0,0,0.01,0.02,0.04,0.04,0.08,0.11,0.17,0.2,0.29,0.3,0.45,0.4,0.57,30
be,0.01,0.02,0.01,0.03,0.04,0.06,0.09,0.13,0.15,0.2,0.3,0.3,0.38,0.37,0.46,NA
could,0,0,0,0.01,0.02,0.01,0.04,0.05,0.04,0.11,0.14,0.15,0.23,0.26,0.32,NA
do,0.05,0.07,0.13,0.19,0.26,0.28,0.4,0.48,0.49,0.55,0.62,0.73,0.79,0.72,0.81,25
does,0,0,0.01,0.02,0.03,0.04,0.06,0.09,0.1,0.18,0.19,0.28,0.35,0.36,0.4,NA
is,0.02,0.02,0.04,0.04,0.06,0.09,0.16,0.19,0.25,0.3,0.41,0.46,0.56,0.53,0.68,28
was,0,0,0.01,0.01,0.01,0.01,0.06,0.08,0.09,0.15,0.21,0.23,0.34,0.32,0.45,NA
were,0,0,0,0.01,0.02,0,0.02,0.05,0.05,0.08,0.14,0.17,0.23,0.21,0.28,NA
will,0.01,0.01,0.01,0.03,0.03,0.02,0.07,0.1,0.11,0.17,0.22,0.27,0.38,0.37,0.5,NA
would,0,0,0,0,0.01,0.02,0.02,0.03,0.04,0.08,0.09,0.13,0.17,0.19,0.26,NA
and,0.01,0.01,0.02,0.06,0.07,0.09,0.18,0.28,0.32,0.37,0.44,0.5,0.64,0.62,0.72,28
because,0,0,0.01,0.02,0.03,0.04,0.1,0.13,0.12,0.15,0.27,0.3,0.37,0.42,0.49,NA
but,0,0,0,0.01,0.02,0.04,0.04,0.05,0.07,0.11,0.17,0.23,0.25,0.27,0.39,NA
if,0,0.01,0,0.01,0.01,0.02,0.02,0.03,0.04,0.1,0.08,0.12,0.19,0.2,0.23,NA
so,0,0.01,0.01,0.02,0.03,0.05,0.06,0.1,0.1,0.15,0.2,0.25,0.29,0.3,0.38,NA
then,0,0,0,0.01,0.02,0.02,0.03,0.06,0.07,0.11,0.2,0.21,0.28,0.24,0.34,NA